-- phpMyAdmin SQL Dump
-- version 5.2.1
-- https://www.phpmyadmin.net/
--
-- Gép: 127.0.0.1
-- Létrehozás ideje: 2026. Ápr 10. 15:35
-- Kiszolgáló verziója: 10.4.32-MariaDB
-- PHP verzió: 8.0.30

SET SQL_MODE = "NO_AUTO_VALUE_ON_ZERO";
START TRANSACTION;
SET time_zone = "+00:00";


/*!40101 SET @OLD_CHARACTER_SET_CLIENT=@@CHARACTER_SET_CLIENT */;
/*!40101 SET @OLD_CHARACTER_SET_RESULTS=@@CHARACTER_SET_RESULTS */;
/*!40101 SET @OLD_COLLATION_CONNECTION=@@COLLATION_CONNECTION */;
/*!40101 SET NAMES utf8mb4 */;

--
-- Adatbázis: `goaltrip`
--

--
-- A tábla adatainak kiíratása `csapatok`
--

INSERT INTO `csapatok` (`csapat_id`, `nev`, `orszag`) VALUES
(32, 'Ajax', 'Netherlands'),
(51, 'Al Nassr', 'Saudi Arabia'),
(1, 'Arsenal FC', 'England'),
(28, 'AS Monaco', 'France'),
(2, 'Aston Villa', 'England'),
(8, 'Atalanta', 'Italy'),
(20, 'Athletic Club', 'Spain'),
(17, 'Atletico Madrid', 'Spain'),
(26, 'Bayer Leverkusen', 'Germany'),
(23, 'Bayern Munchen', 'Germany'),
(44, 'Benfica', 'Portugal'),
(54, 'Besiktas', 'Turkey'),
(48, 'Boca Juniors', 'Argentina'),
(24, 'Borussia Dortmund', 'Germany'),
(52, 'Celtic', 'Scotland'),
(3, 'Chelsea FC', 'England'),
(36, 'Club Brugge', 'Belgium'),
(9, 'Como', 'Italy'),
(61, 'Debreceni VSC', 'Hungary'),
(64, 'Diosgyori VTK', 'Hungary'),
(60, 'ETO FC Gyor', 'Hungary'),
(18, 'FC Barcelona', 'Spain'),
(45, 'FC Porto', 'Portugal'),
(55, 'Fenerbahce', 'Turkey'),
(58, 'Ferencvarosi TC', 'Hungary'),
(34, 'Feyenoord', 'Netherlands'),
(10, 'Fiorentina', 'Italy'),
(40, 'Flamengo', 'Brazil'),
(43, 'Fluminense', 'Brazil'),
(56, 'Galatasaray', 'Turkey'),
(39, 'Genk', 'Belgium'),
(11, 'Inter', 'Italy'),
(50, 'Inter Miami', 'United States'),
(12, 'Juventus', 'Italy'),
(69, 'Kazincbarcika SC', 'Hungary'),
(68, 'Kisvarda FC', 'Hungary'),
(13, 'Lazio', 'Italy'),
(31, 'Lille OSC', 'France'),
(4, 'Liverpool FC', 'England'),
(5, 'Manchester City', 'England'),
(6, 'Manchester United', 'England'),
(14, 'Milan', 'Italy'),
(63, 'MTK Budapest', 'Hungary'),
(15, 'Napoli', 'Italy'),
(66, 'Nyiregyhaza Spartacus FC', 'Hungary'),
(29, 'Olympique de Marseille', 'France'),
(30, 'Olympique Lyonnais', 'France'),
(59, 'Paksi FC', 'Hungary'),
(41, 'Palmeiras', 'Brazil'),
(27, 'Paris Saint-Germain', 'France'),
(33, 'PSV Eindhoven', 'Netherlands'),
(62, 'Puskas Akademia FC', 'Hungary'),
(53, 'Rangers', 'Scotland'),
(25, 'RB Leipzig', 'Germany'),
(19, 'Real Betis', 'Spain'),
(21, 'Real Madrid', 'Spain'),
(22, 'Real Sociedad', 'Spain'),
(49, 'River Plate', 'Argentina'),
(16, 'Roma', 'Italy'),
(37, 'Royal Antwerp', 'Belgium'),
(35, 'RSC Anderlecht', 'Belgium'),
(42, 'Santos', 'Brazil'),
(47, 'SC Braga', 'Portugal'),
(46, 'Sporting CP', 'Portugal'),
(7, 'Tottenham Hotspur', 'England'),
(57, 'Trabzonspor', 'Turkey'),
(65, 'Ujpest FC', 'Hungary'),
(38, 'Union Saint-Gilloise', 'Belgium'),
(67, 'Zalaegerszegi TE FC', 'Hungary');

--
-- A tábla adatainak kiíratása `felhasznalok`
--

INSERT INTO `felhasznalok` (`felhasznalo_id`, `nev`, `email`, `jelszo`, `telefonszam`, `cim`, `regisztracio_datuma`, `jogosultsag_id`) VALUES
(1, 'Teszt Elek', 'teszt1@example.com', '123456', '+36201234567', 'Budapest', '2026-04-10 12:52:15', 2),
(2, 'Minta Bela', 'teszt2@example.com', '123456', '+36202223333', 'Debrecen', '2026-04-10 12:52:15', 2),
(3, 'Proba Anna', 'teszt3@example.com', '123456', '+36303334444', 'Szeged', '2026-04-10 12:52:15', 2);

--
-- A tábla adatainak kiíratása `fizetes`
--

INSERT INTO `fizetes` (`fizetes_id`, `rendeles_id`, `fizetes_modja`, `fizetes_allapot`, `fizetes_datuma`) VALUES
(1, 1, 'Kartya', 'completed', '2025-09-01 10:20:00'),
(2, 2, 'Utalas', 'pending', '2025-09-03 14:25:00'),
(3, 3, 'Kartya', 'completed', '2025-09-05 09:10:00');

--
-- A tábla adatainak kiíratása `foglalasok`
--

INSERT INTO `foglalasok` (`foglalas_id`, `felhasznalo_id`, `utazas_id`, `szallas_id`, `szallas_kezdo_datuma`, `szallas_vege_datuma`, `darabszam`, `fizetve`) VALUES
(13, 1, 1, 1, '2025-09-13', '2025-09-15', 2, 1),
(14, 2, 2, 2, '2025-09-20', '2025-09-22', 2, 1),
(15, 3, 3, 3, '2025-10-04', '2025-10-06', 1, 0),
(16, 1, 4, 4, '2025-10-11', '2025-10-13', 2, 1),
(17, 2, 5, 5, '2025-10-18', '2025-10-20', 2, 0),
(18, 3, 6, 6, '2025-10-25', '2025-10-27', 1, 1),
(19, 1, 7, 7, '2025-11-01', '2025-11-03', 2, 1),
(20, 2, 8, 8, '2025-11-08', '2025-11-10', 1, 0),
(21, 3, 9, 9, '2025-11-15', '2025-11-17', 3, 1),
(22, 1, 10, 10, '2025-11-22', '2025-11-24', 2, 0),
(23, 2, 11, 9, '2025-11-29', '2025-12-01', 2, 1),
(24, 3, 12, 11, '2025-12-06', '2025-12-08', 1, 0);

--
-- A tábla adatainak kiíratása `jogosultsagok`
--

INSERT INTO `jogosultsagok` (`jogosultsag_id`, `jogosultsag_nev`) VALUES
(1, 'admin'),
(2, 'user');

--
-- A tábla adatainak kiíratása `kategoria`
--

INSERT INTO `kategoria` (`kategoria_id`, `nev`) VALUES
(1, 'Mez'),
(2, 'Utaz?si csomag');

--
-- A tábla adatainak kiíratása `meccsek`
--

INSERT INTO `meccsek` (`meccs_id`, `hazai_csapat_id`, `vendeg_csapat_id`, `stadion_id`, `datum`, `kezdesi_ido`, `jegyar`) VALUES
(1, 1, 3, 1, '2025-09-14', '20:45:00', 45990.00),
(2, 4, 5, 4, '2025-09-21', '18:30:00', 52990.00),
(3, 21, 18, 19, '2025-10-05', '21:00:00', 69990.00),
(4, 17, 19, 15, '2025-10-12', '20:45:00', 48990.00),
(5, 23, 24, 21, '2025-10-19', '20:30:00', 54990.00),
(6, 11, 12, 11, '2025-10-26', '20:45:00', 46990.00),
(7, 27, 29, 25, '2025-11-02', '21:00:00', 42990.00),
(8, 32, 33, 30, '2025-11-09', '19:00:00', 29990.00),
(9, 58, 65, 56, '2025-11-16', '18:00:00', 34990.00),
(10, 62, 61, 60, '2025-11-23', '17:30:00', 25990.00),
(11, 63, 64, 61, '2025-11-30', '16:30:00', 23990.00),
(12, 67, 68, 65, '2025-12-07', '15:00:00', 21990.00);

--
-- A tábla adatainak kiíratása `meretek`
--

INSERT INTO `meretek` (`meret_id`, `meret_nev`) VALUES
(3, 'L'),
(2, 'M'),
(1, 'S'),
(4, 'XL'),
(5, 'XXL');

--
-- A tábla adatainak kiíratása `raktar`
--

INSERT INTO `raktar` (`raktar_id`, `termek_id`, `meret_id`, `mennyiseg`) VALUES
(1, 1, 3, 20),
(2, 1, 2, 18),
(3, 1, 1, 12),
(4, 1, 4, 16),
(5, 1, 5, 10),
(6, 2, 3, 14),
(7, 2, 2, 12),
(8, 2, 1, 8),
(9, 2, 4, 10),
(10, 2, 5, 6),
(11, 3, 3, 10),
(12, 3, 2, 8),
(13, 3, 1, 5),
(14, 3, 4, 7),
(15, 3, 5, 4),
(16, 4, 3, 20),
(17, 4, 2, 18),
(18, 4, 1, 12),
(19, 4, 4, 16),
(20, 4, 5, 10),
(21, 5, 3, 14),
(22, 5, 2, 12),
(23, 5, 1, 8),
(24, 5, 4, 10),
(25, 5, 5, 6),
(26, 6, 3, 20),
(27, 6, 2, 18),
(28, 6, 1, 12),
(29, 6, 4, 16),
(30, 6, 5, 10),
(31, 7, 3, 14),
(32, 7, 2, 12),
(33, 7, 1, 8),
(34, 7, 4, 10),
(35, 7, 5, 6),
(36, 8, 3, 10),
(37, 8, 2, 8),
(38, 8, 1, 5),
(39, 8, 4, 7),
(40, 8, 5, 4),
(41, 9, 3, 20),
(42, 9, 2, 18),
(43, 9, 1, 12),
(44, 9, 4, 16),
(45, 9, 5, 10),
(46, 10, 3, 14),
(47, 10, 2, 12),
(48, 10, 1, 8),
(49, 10, 4, 10),
(50, 10, 5, 6),
(51, 11, 3, 10),
(52, 11, 2, 8),
(53, 11, 1, 5),
(54, 11, 4, 7),
(55, 11, 5, 4),
(56, 12, 3, 20),
(57, 12, 2, 18),
(58, 12, 1, 12),
(59, 12, 4, 16),
(60, 12, 5, 10),
(61, 13, 3, 14),
(62, 13, 2, 12),
(63, 13, 1, 8),
(64, 13, 4, 10),
(65, 13, 5, 6),
(66, 14, 3, 10),
(67, 14, 2, 8),
(68, 14, 1, 5),
(69, 14, 4, 7),
(70, 14, 5, 4),
(71, 15, 3, 20),
(72, 15, 2, 18),
(73, 15, 1, 12),
(74, 15, 4, 16),
(75, 15, 5, 10),
(76, 16, 3, 14),
(77, 16, 2, 12),
(78, 16, 1, 8),
(79, 16, 4, 10),
(80, 16, 5, 6),
(81, 17, 3, 10),
(82, 17, 2, 8),
(83, 17, 1, 5),
(84, 17, 4, 7),
(85, 17, 5, 4),
(86, 18, 3, 20),
(87, 18, 2, 18),
(88, 18, 1, 12),
(89, 18, 4, 16),
(90, 18, 5, 10),
(91, 19, 3, 14),
(92, 19, 2, 12),
(93, 19, 1, 8),
(94, 19, 4, 10),
(95, 19, 5, 6),
(96, 20, 3, 10),
(97, 20, 2, 8),
(98, 20, 1, 5),
(99, 20, 4, 7),
(100, 20, 5, 4),
(101, 21, 3, 20),
(102, 21, 2, 18),
(103, 21, 1, 12),
(104, 21, 4, 16),
(105, 21, 5, 10),
(106, 22, 3, 14),
(107, 22, 2, 12),
(108, 22, 1, 8),
(109, 22, 4, 10),
(110, 22, 5, 6),
(111, 23, 3, 20),
(112, 23, 2, 18),
(113, 23, 1, 12),
(114, 23, 4, 16),
(115, 23, 5, 10),
(116, 24, 3, 14),
(117, 24, 2, 12),
(118, 24, 1, 8),
(119, 24, 4, 10),
(120, 24, 5, 6),
(121, 25, 3, 20),
(122, 25, 2, 18),
(123, 25, 1, 12),
(124, 25, 4, 16),
(125, 25, 5, 10),
(126, 26, 3, 14),
(127, 26, 2, 12),
(128, 26, 1, 8),
(129, 26, 4, 10),
(130, 26, 5, 6),
(131, 27, 3, 20),
(132, 27, 2, 18),
(133, 27, 1, 12),
(134, 27, 4, 16),
(135, 27, 5, 10),
(136, 28, 3, 14),
(137, 28, 2, 12),
(138, 28, 1, 8),
(139, 28, 4, 10),
(140, 28, 5, 6),
(141, 29, 3, 10),
(142, 29, 2, 8),
(143, 29, 1, 5),
(144, 29, 4, 7),
(145, 29, 5, 4),
(146, 30, 3, 20),
(147, 30, 2, 18),
(148, 30, 1, 12),
(149, 30, 4, 16),
(150, 30, 5, 10),
(151, 31, 3, 14),
(152, 31, 2, 12),
(153, 31, 1, 8),
(154, 31, 4, 10),
(155, 31, 5, 6),
(156, 32, 3, 10),
(157, 32, 2, 8),
(158, 32, 1, 5),
(159, 32, 4, 7),
(160, 32, 5, 4),
(161, 33, 3, 20),
(162, 33, 2, 18),
(163, 33, 1, 12),
(164, 33, 4, 16),
(165, 33, 5, 10),
(166, 34, 3, 14),
(167, 34, 2, 12),
(168, 34, 1, 8),
(169, 34, 4, 10),
(170, 34, 5, 6),
(171, 35, 3, 20),
(172, 35, 2, 18),
(173, 35, 1, 12),
(174, 35, 4, 16),
(175, 35, 5, 10),
(176, 36, 3, 14),
(177, 36, 2, 12),
(178, 36, 1, 8),
(179, 36, 4, 10),
(180, 36, 5, 6),
(181, 37, 3, 10),
(182, 37, 2, 8),
(183, 37, 1, 5),
(184, 37, 4, 7),
(185, 37, 5, 4),
(186, 38, 3, 20),
(187, 38, 2, 18),
(188, 38, 1, 12),
(189, 38, 4, 16),
(190, 38, 5, 10),
(191, 39, 3, 14),
(192, 39, 2, 12),
(193, 39, 1, 8),
(194, 39, 4, 10),
(195, 39, 5, 6),
(196, 40, 3, 10),
(197, 40, 2, 8),
(198, 40, 1, 5),
(199, 40, 4, 7),
(200, 40, 5, 4),
(201, 41, 3, 20),
(202, 41, 2, 18),
(203, 41, 1, 12),
(204, 41, 4, 16),
(205, 41, 5, 10),
(206, 42, 3, 14),
(207, 42, 2, 12),
(208, 42, 1, 8),
(209, 42, 4, 10),
(210, 42, 5, 6),
(211, 43, 3, 10),
(212, 43, 2, 8),
(213, 43, 1, 5),
(214, 43, 4, 7),
(215, 43, 5, 4),
(216, 44, 3, 20),
(217, 44, 2, 18),
(218, 44, 1, 12),
(219, 44, 4, 16),
(220, 44, 5, 10),
(221, 45, 3, 14),
(222, 45, 2, 12),
(223, 45, 1, 8),
(224, 45, 4, 10),
(225, 45, 5, 6),
(226, 46, 3, 20),
(227, 46, 2, 18),
(228, 46, 1, 12),
(229, 46, 4, 16),
(230, 46, 5, 10),
(231, 47, 3, 14),
(232, 47, 2, 12),
(233, 47, 1, 8),
(234, 47, 4, 10),
(235, 47, 5, 6),
(236, 48, 3, 10),
(237, 48, 2, 8),
(238, 48, 1, 5),
(239, 48, 4, 7),
(240, 48, 5, 4),
(241, 49, 3, 20),
(242, 49, 2, 18),
(243, 49, 1, 12),
(244, 49, 4, 16),
(245, 49, 5, 10),
(246, 50, 3, 14),
(247, 50, 2, 12),
(248, 50, 1, 8),
(249, 50, 4, 10),
(250, 50, 5, 6),
(251, 51, 3, 20),
(252, 51, 2, 18),
(253, 51, 1, 12),
(254, 51, 4, 16),
(255, 51, 5, 10),
(256, 52, 3, 14),
(257, 52, 2, 12),
(258, 52, 1, 8),
(259, 52, 4, 10),
(260, 52, 5, 6),
(261, 53, 3, 20),
(262, 53, 2, 18),
(263, 53, 1, 12),
(264, 53, 4, 16),
(265, 53, 5, 10),
(266, 54, 3, 14),
(267, 54, 2, 12),
(268, 54, 1, 8),
(269, 54, 4, 10),
(270, 54, 5, 6),
(271, 55, 3, 10),
(272, 55, 2, 8),
(273, 55, 1, 5),
(274, 55, 4, 7),
(275, 55, 5, 4),
(276, 56, 3, 20),
(277, 56, 2, 18),
(278, 56, 1, 12),
(279, 56, 4, 16),
(280, 56, 5, 10),
(281, 57, 3, 14),
(282, 57, 2, 12),
(283, 57, 1, 8),
(284, 57, 4, 10),
(285, 57, 5, 6),
(286, 58, 3, 20),
(287, 58, 2, 18),
(288, 58, 1, 12),
(289, 58, 4, 16),
(290, 58, 5, 10),
(291, 59, 3, 14),
(292, 59, 2, 12),
(293, 59, 1, 8),
(294, 59, 4, 10),
(295, 59, 5, 6),
(296, 60, 3, 10),
(297, 60, 2, 8),
(298, 60, 1, 5),
(299, 60, 4, 7),
(300, 60, 5, 4),
(301, 61, 3, 20),
(302, 61, 2, 18),
(303, 61, 1, 12),
(304, 61, 4, 16),
(305, 61, 5, 10),
(306, 62, 3, 14),
(307, 62, 2, 12),
(308, 62, 1, 8),
(309, 62, 4, 10),
(310, 62, 5, 6),
(311, 63, 3, 20),
(312, 63, 2, 18),
(313, 63, 1, 12),
(314, 63, 4, 16),
(315, 63, 5, 10),
(316, 64, 3, 14),
(317, 64, 2, 12),
(318, 64, 1, 8),
(319, 64, 4, 10),
(320, 64, 5, 6),
(321, 65, 3, 20),
(322, 65, 2, 18),
(323, 65, 1, 12),
(324, 65, 4, 16),
(325, 65, 5, 10),
(326, 66, 3, 14),
(327, 66, 2, 12),
(328, 66, 1, 8),
(329, 66, 4, 10),
(330, 66, 5, 6),
(331, 67, 3, 20),
(332, 67, 2, 18),
(333, 67, 1, 12),
(334, 67, 4, 16),
(335, 67, 5, 10),
(336, 68, 3, 14),
(337, 68, 2, 12),
(338, 68, 1, 8),
(339, 68, 4, 10),
(340, 68, 5, 6),
(341, 69, 3, 10),
(342, 69, 2, 8),
(343, 69, 1, 5),
(344, 69, 4, 7),
(345, 69, 5, 4),
(346, 70, 3, 20),
(347, 70, 2, 18),
(348, 70, 1, 12),
(349, 70, 4, 16),
(350, 70, 5, 10),
(351, 71, 3, 14),
(352, 71, 2, 12),
(353, 71, 1, 8),
(354, 71, 4, 10),
(355, 71, 5, 6),
(356, 72, 3, 20),
(357, 72, 2, 18),
(358, 72, 1, 12),
(359, 72, 4, 16),
(360, 72, 5, 10),
(361, 73, 3, 14),
(362, 73, 2, 12),
(363, 73, 1, 8),
(364, 73, 4, 10),
(365, 73, 5, 6),
(366, 74, 3, 20),
(367, 74, 2, 18),
(368, 74, 1, 12),
(369, 74, 4, 16),
(370, 74, 5, 10),
(371, 75, 3, 14),
(372, 75, 2, 12),
(373, 75, 1, 8),
(374, 75, 4, 10),
(375, 75, 5, 6),
(376, 76, 3, 20),
(377, 76, 2, 18),
(378, 76, 1, 12),
(379, 76, 4, 16),
(380, 76, 5, 10),
(381, 77, 3, 14),
(382, 77, 2, 12),
(383, 77, 1, 8),
(384, 77, 4, 10),
(385, 77, 5, 6),
(386, 78, 3, 20),
(387, 78, 2, 18),
(388, 78, 1, 12),
(389, 78, 4, 16),
(390, 78, 5, 10),
(391, 79, 3, 14),
(392, 79, 2, 12),
(393, 79, 1, 8),
(394, 79, 4, 10),
(395, 79, 5, 6),
(396, 80, 3, 20),
(397, 80, 2, 18),
(398, 80, 1, 12),
(399, 80, 4, 16),
(400, 80, 5, 10),
(401, 81, 3, 14),
(402, 81, 2, 12),
(403, 81, 1, 8),
(404, 81, 4, 10),
(405, 81, 5, 6),
(406, 82, 3, 20),
(407, 82, 2, 18),
(408, 82, 1, 12),
(409, 82, 4, 16),
(410, 82, 5, 10),
(411, 83, 3, 14),
(412, 83, 2, 12),
(413, 83, 1, 8),
(414, 83, 4, 10),
(415, 83, 5, 6),
(416, 84, 3, 20),
(417, 84, 2, 18),
(418, 84, 1, 12),
(419, 84, 4, 16),
(420, 84, 5, 10),
(421, 85, 3, 14),
(422, 85, 2, 12),
(423, 85, 1, 8),
(424, 85, 4, 10),
(425, 85, 5, 6),
(426, 86, 3, 20),
(427, 86, 2, 18),
(428, 86, 1, 12),
(429, 86, 4, 16),
(430, 86, 5, 10),
(431, 87, 3, 14),
(432, 87, 2, 12),
(433, 87, 1, 8),
(434, 87, 4, 10),
(435, 87, 5, 6),
(436, 88, 3, 20),
(437, 88, 2, 18),
(438, 88, 1, 12),
(439, 88, 4, 16),
(440, 88, 5, 10),
(441, 89, 3, 14),
(442, 89, 2, 12),
(443, 89, 1, 8),
(444, 89, 4, 10),
(445, 89, 5, 6),
(446, 90, 3, 20),
(447, 90, 2, 18),
(448, 90, 1, 12),
(449, 90, 4, 16),
(450, 90, 5, 10),
(451, 91, 3, 14),
(452, 91, 2, 12),
(453, 91, 1, 8),
(454, 91, 4, 10),
(455, 91, 5, 6),
(456, 92, 3, 20),
(457, 92, 2, 18),
(458, 92, 1, 12),
(459, 92, 4, 16),
(460, 92, 5, 10),
(461, 93, 3, 14),
(462, 93, 2, 12),
(463, 93, 1, 8),
(464, 93, 4, 10),
(465, 93, 5, 6),
(466, 94, 3, 20),
(467, 94, 2, 18),
(468, 94, 1, 12),
(469, 94, 4, 16),
(470, 94, 5, 10),
(471, 95, 3, 14),
(472, 95, 2, 12),
(473, 95, 1, 8),
(474, 95, 4, 10),
(475, 95, 5, 6),
(476, 96, 3, 20),
(477, 96, 2, 18),
(478, 96, 1, 12),
(479, 96, 4, 16),
(480, 96, 5, 10),
(481, 97, 3, 14),
(482, 97, 2, 12),
(483, 97, 1, 8),
(484, 97, 4, 10),
(485, 97, 5, 6),
(486, 98, 3, 20),
(487, 98, 2, 18),
(488, 98, 1, 12),
(489, 98, 4, 16),
(490, 98, 5, 10),
(491, 99, 3, 14),
(492, 99, 2, 12),
(493, 99, 1, 8),
(494, 99, 4, 10),
(495, 99, 5, 6),
(496, 100, 3, 10),
(497, 100, 2, 8),
(498, 100, 1, 5),
(499, 100, 4, 7),
(500, 100, 5, 4),
(501, 101, 3, 20),
(502, 101, 2, 18),
(503, 101, 1, 12),
(504, 101, 4, 16),
(505, 101, 5, 10),
(506, 102, 3, 14),
(507, 102, 2, 12),
(508, 102, 1, 8),
(509, 102, 4, 10),
(510, 102, 5, 6),
(511, 103, 3, 10),
(512, 103, 2, 8),
(513, 103, 1, 5),
(514, 103, 4, 7),
(515, 103, 5, 4),
(516, 104, 3, 20),
(517, 104, 2, 18),
(518, 104, 1, 12),
(519, 104, 4, 16),
(520, 104, 5, 10),
(521, 105, 3, 14),
(522, 105, 2, 12),
(523, 105, 1, 8),
(524, 105, 4, 10),
(525, 105, 5, 6),
(526, 106, 3, 20),
(527, 106, 2, 18),
(528, 106, 1, 12),
(529, 106, 4, 16),
(530, 106, 5, 10),
(531, 107, 3, 14),
(532, 107, 2, 12),
(533, 107, 1, 8),
(534, 107, 4, 10),
(535, 107, 5, 6),
(536, 108, 3, 20),
(537, 108, 2, 18),
(538, 108, 1, 12),
(539, 108, 4, 16),
(540, 108, 5, 10),
(541, 109, 3, 14),
(542, 109, 2, 12),
(543, 109, 1, 8),
(544, 109, 4, 10),
(545, 109, 5, 6),
(546, 110, 3, 20),
(547, 110, 2, 18),
(548, 110, 1, 12),
(549, 110, 4, 16),
(550, 110, 5, 10),
(551, 111, 3, 14),
(552, 111, 2, 12),
(553, 111, 1, 8),
(554, 111, 4, 10),
(555, 111, 5, 6),
(556, 112, 3, 20),
(557, 112, 2, 18),
(558, 112, 1, 12),
(559, 112, 4, 16),
(560, 112, 5, 10),
(561, 113, 3, 14),
(562, 113, 2, 12),
(563, 113, 1, 8),
(564, 113, 4, 10),
(565, 113, 5, 6),
(566, 114, 3, 20),
(567, 114, 2, 18),
(568, 114, 1, 12),
(569, 114, 4, 16),
(570, 114, 5, 10),
(571, 115, 3, 14),
(572, 115, 2, 12),
(573, 115, 1, 8),
(574, 115, 4, 10),
(575, 115, 5, 6),
(576, 116, 3, 20),
(577, 116, 2, 18),
(578, 116, 1, 12),
(579, 116, 4, 16),
(580, 116, 5, 10),
(581, 117, 3, 14),
(582, 117, 2, 12),
(583, 117, 1, 8),
(584, 117, 4, 10),
(585, 117, 5, 6),
(586, 118, 3, 20),
(587, 118, 2, 18),
(588, 118, 1, 12),
(589, 118, 4, 16),
(590, 118, 5, 10),
(591, 119, 3, 14),
(592, 119, 2, 12),
(593, 119, 1, 8),
(594, 119, 4, 10),
(595, 119, 5, 6),
(596, 120, 3, 20),
(597, 120, 2, 18),
(598, 120, 1, 12),
(599, 120, 4, 16),
(600, 120, 5, 10),
(601, 121, 3, 14),
(602, 121, 2, 12),
(603, 121, 1, 8),
(604, 121, 4, 10),
(605, 121, 5, 6),
(606, 122, 3, 20),
(607, 122, 2, 18),
(608, 122, 1, 12),
(609, 122, 4, 16),
(610, 122, 5, 10),
(611, 123, 3, 14),
(612, 123, 2, 12),
(613, 123, 1, 8),
(614, 123, 4, 10),
(615, 123, 5, 6),
(616, 124, 3, 20),
(617, 124, 2, 18),
(618, 124, 1, 12),
(619, 124, 4, 16),
(620, 124, 5, 10),
(621, 125, 3, 14),
(622, 125, 2, 12),
(623, 125, 1, 8),
(624, 125, 4, 10),
(625, 125, 5, 6),
(626, 126, 3, 20),
(627, 126, 2, 18),
(628, 126, 1, 12),
(629, 126, 4, 16),
(630, 126, 5, 10),
(631, 127, 3, 14),
(632, 127, 2, 12),
(633, 127, 1, 8),
(634, 127, 4, 10),
(635, 127, 5, 6),
(636, 128, 3, 20),
(637, 128, 2, 18),
(638, 128, 1, 12),
(639, 128, 4, 16),
(640, 128, 5, 10),
(641, 129, 3, 14),
(642, 129, 2, 12),
(643, 129, 1, 8),
(644, 129, 4, 10),
(645, 129, 5, 6),
(646, 130, 3, 20),
(647, 130, 2, 18),
(648, 130, 1, 12),
(649, 130, 4, 16),
(650, 130, 5, 10),
(651, 131, 3, 14),
(652, 131, 2, 12),
(653, 131, 1, 8),
(654, 131, 4, 10),
(655, 131, 5, 6),
(656, 132, 3, 20),
(657, 132, 2, 18),
(658, 132, 1, 12),
(659, 132, 4, 16),
(660, 132, 5, 10),
(661, 133, 3, 14),
(662, 133, 2, 12),
(663, 133, 1, 8),
(664, 133, 4, 10),
(665, 133, 5, 6),
(666, 134, 3, 20),
(667, 134, 2, 18),
(668, 134, 1, 12),
(669, 134, 4, 16),
(670, 134, 5, 10),
(671, 135, 3, 20),
(672, 135, 2, 18),
(673, 135, 1, 12),
(674, 135, 4, 16),
(675, 135, 5, 10),
(676, 136, 3, 20),
(677, 136, 2, 18),
(678, 136, 1, 12),
(679, 136, 4, 16),
(680, 136, 5, 10),
(681, 137, 3, 20),
(682, 137, 2, 18),
(683, 137, 1, 12),
(684, 137, 4, 16),
(685, 137, 5, 10),
(686, 138, 3, 20),
(687, 138, 2, 18),
(688, 138, 1, 12),
(689, 138, 4, 16),
(690, 138, 5, 10),
(691, 139, 3, 20),
(692, 139, 2, 18),
(693, 139, 1, 12),
(694, 139, 4, 16),
(695, 139, 5, 10),
(696, 140, 3, 20),
(697, 140, 2, 18),
(698, 140, 1, 12),
(699, 140, 4, 16),
(700, 140, 5, 10),
(701, 141, 3, 20),
(702, 141, 2, 18),
(703, 141, 1, 12),
(704, 141, 4, 16),
(705, 141, 5, 10),
(706, 142, 3, 20),
(707, 142, 2, 18),
(708, 142, 1, 12),
(709, 142, 4, 16),
(710, 142, 5, 10),
(711, 143, 3, 20),
(712, 143, 2, 18),
(713, 143, 1, 12),
(714, 143, 4, 16),
(715, 143, 5, 10),
(716, 144, 3, 20),
(717, 144, 2, 18),
(718, 144, 1, 12),
(719, 144, 4, 16),
(720, 144, 5, 10);

--
-- A tábla adatainak kiíratása `rendelesek`
--

INSERT INTO `rendelesek` (`rendeles_id`, `felhasznalo_id`, `nev`, `email`, `cim`, `szallitas_mod`, `fizetes_mod`, `datum`, `allapot`, `osszeg`) VALUES
(1, 1, 'Teszt Elek', 'teszt1@example.com', 'Budapest', 'Hazhozszallitas', 'Kartya', '2025-09-01 10:15:00', 'feldolgozas', 68970.00),
(2, 2, 'Minta Bela', 'teszt2@example.com', 'Debrecen', 'Csomagpont', 'Utalas', '2025-09-03 14:20:00', 'feldolgozas', 54980.00),
(3, 3, 'Proba Anna', 'teszt3@example.com', 'Szeged', 'Hazhozszallitas', 'Kartya', '2025-09-05 09:05:00', 'feldolgozas', 91970.00);

--
-- A tábla adatainak kiíratása `rendeles_tetelek`
--

INSERT INTO `rendeles_tetelek` (`rendeles_tetel_id`, `rendeles_id`, `termek_id`, `meret_id`, `darabszam`, `ar`) VALUES
(1, 1, 1, 2, 2, 22990.00),
(2, 1, 7, 3, 1, 22990.00),
(3, 2, 53, 4, 1, 25990.00),
(4, 2, 47, 2, 1, 22990.00),
(5, 3, 132, 3, 2, 31490.00),
(6, 3, 11, 1, 1, 31990.00);

--
-- A tábla adatainak kiíratása `stadionok`
--

INSERT INTO `stadionok` (`stadion_id`, `nev`, `varos`, `orszag`, `kapacitas`, `csapat_id`) VALUES
(1, 'Emirates Stadium', 'London', 'England', 60704, 1),
(2, 'Villa Park', 'Birmingham', 'England', 42785, 2),
(3, 'Stamford Bridge', 'London', 'England', 40343, 3),
(4, 'Anfield', 'Liverpool', 'England', 61276, 4),
(5, 'Etihad Stadium', 'Manchester', 'England', 53400, 5),
(6, 'Old Trafford', 'Manchester', 'England', 74310, 6),
(7, 'Tottenham Hotspur Stadium', 'London', 'England', 62850, 7),
(8, 'Gewiss Stadium', 'Bergamo', 'Italy', 21747, 8),
(9, 'Stadio Giuseppe Sinigaglia', 'Como', 'Italy', 13602, 9),
(10, 'Stadio Artemio Franchi', 'Florence', 'Italy', 43147, 10),
(11, 'San Siro', 'Milan', 'Italy', 75817, 14),
(12, 'Allianz Stadium', 'Turin', 'Italy', 41507, 12),
(13, 'Stadio Olimpico', 'Rome', 'Italy', 70634, 16),
(14, 'Diego Armando Maradona Stadium', 'Naples', 'Italy', 54726, 15),
(15, 'Metropolitano Stadium', 'Madrid', 'Spain', 70460, 17),
(16, 'Camp Nou', 'Barcelona', 'Spain', 99354, 18),
(17, 'Benito Villamarin Stadium', 'Seville', 'Spain', 60721, 19),
(18, 'San Mames', 'Bilbao', 'Spain', 53289, 20),
(19, 'Santiago Bernabeu', 'Madrid', 'Spain', 81044, 21),
(20, 'Reale Arena', 'San Sebastian', 'Spain', 39313, 22),
(21, 'Allianz Arena', 'Munich', 'Germany', 75000, 23),
(22, 'Signal Iduna Park', 'Dortmund', 'Germany', 81365, 24),
(23, 'Red Bull Arena', 'Leipzig', 'Germany', 47069, 25),
(24, 'BayArena', 'Leverkusen', 'Germany', 30210, 26),
(25, 'Parc des Princes', 'Paris', 'France', 47929, 27),
(26, 'Stade Louis II', 'Monaco', 'Monaco', 18523, 28),
(27, 'Orange Velodrome', 'Marseille', 'France', 67394, 29),
(28, 'Groupama Stadium', 'Lyon', 'France', 59186, 30),
(29, 'Stade Pierre-Mauroy', 'Lille', 'France', 50083, 31),
(30, 'Johan Cruyff Arena', 'Amsterdam', 'Netherlands', 54990, 32),
(31, 'Philips Stadion', 'Eindhoven', 'Netherlands', 35000, 33),
(32, 'De Kuip', 'Rotterdam', 'Netherlands', 51117, 34),
(33, 'Lotto Park', 'Brussels', 'Belgium', 21000, 35),
(34, 'Jan Breydel Stadium', 'Bruges', 'Belgium', 29062, 36),
(35, 'Bosuilstadion', 'Antwerp', 'Belgium', 16144, 37),
(36, 'Joseph Marien Stadium', 'Brussels', 'Belgium', 9400, 38),
(37, 'Cegeka Arena', 'Genk', 'Belgium', 23000, 39),
(38, 'Maracana', 'Rio de Janeiro', 'Brazil', 78838, 40),
(39, 'Allianz Parque', 'Sao Paulo', 'Brazil', 43713, 41),
(40, 'Vila Belmiro', 'Santos', 'Brazil', 16068, 42),
(41, 'Estadio do Maracana', 'Rio de Janeiro', 'Brazil', 78838, 43),
(42, 'Estadio da Luz', 'Lisbon', 'Portugal', 64642, 44),
(43, 'Estadio do Dragao', 'Porto', 'Portugal', 50033, 45),
(44, 'Jose Alvalade Stadium', 'Lisbon', 'Portugal', 50095, 46),
(45, 'Estadio Municipal de Braga', 'Braga', 'Portugal', 30286, 47),
(46, 'La Bombonera', 'Buenos Aires', 'Argentina', 54000, 48),
(47, 'El Monumental', 'Buenos Aires', 'Argentina', 84000, 49),
(48, 'DRV PNK Stadium', 'Fort Lauderdale', 'United States', 18000, 50),
(49, 'Al-Awwal Park', 'Riyadh', 'Saudi Arabia', 25000, 51),
(50, 'Celtic Park', 'Glasgow', 'Scotland', 60411, 52),
(51, 'Ibrox Stadium', 'Glasgow', 'Scotland', 50817, 53),
(52, 'Tupras Stadium', 'Istanbul', 'Turkey', 42445, 54),
(53, 'Sukru Saracoglu Stadium', 'Istanbul', 'Turkey', 50059, 55),
(54, 'RAMS Park', 'Istanbul', 'Turkey', 52600, 56),
(55, 'Papara Park', 'Trabzon', 'Turkey', 40782, 57),
(56, 'Groupama Arena', 'Budapest', 'Hungary', 22000, 58),
(57, 'Paksi FC Stadion', 'Paks', 'Hungary', 5000, 59),
(58, 'ETO Park', 'Gyor', 'Hungary', 15600, 60),
(59, 'Nagyerdei Stadion', 'Debrecen', 'Hungary', 20340, 61),
(60, 'Pancho Arena', 'Felcsut', 'Hungary', 3816, 62),
(61, 'Hidegkuti Nandor Stadion', 'Budapest', 'Hungary', 5300, 63),
(62, 'DVTK Stadion', 'Miskolc', 'Hungary', 14906, 64),
(63, 'Szusza Ferenc Stadion', 'Budapest', 'Hungary', 12270, 65),
(64, 'Varosi Stadion', 'Nyiregyhaza', 'Hungary', 8500, 66),
(65, 'ZTE Arena', 'Zalaegerszeg', 'Hungary', 11200, 67),
(66, 'Varkerti Stadion', 'Kisvarda', 'Hungary', 2850, 68),
(67, 'Kolorcity Arena', 'Kazincbarcika', 'Hungary', 5000, 69);

--
-- A tábla adatainak kiíratása `szallasok`
--

INSERT INTO `szallasok` (`szallas_id`, `nev`, `varos`, `cim`, `kategoria`, `ar_egy_ejszaka`) VALUES
(1, 'London Central Hotel', 'London', '221 Baker Street', '4 csillag', 35990.00),
(2, 'Liverpool Stay Inn', 'Liverpool', '14 Albert Dock Road', '3 csillag', 28990.00),
(3, 'Madrid Royal Hotel', 'Madrid', '18 Gran Via', '4 csillag', 38990.00),
(4, 'Madrid Budget Rooms', 'Madrid', '7 Sol Street', '3 csillag', 24990.00),
(5, 'Munich Arena Hotel', 'Munich', '5 Bayern Platz', '4 csillag', 36990.00),
(6, 'Milano Centro Hotel', 'Milan', '22 Via Roma', '4 csillag', 34990.00),
(7, 'Paris Match Hotel', 'Paris', '9 Rue de Rivoli', '4 csillag', 37990.00),
(8, 'Amsterdam City Lodge', 'Amsterdam', '11 Canal Street', '3 csillag', 31990.00),
(9, 'Budapest Fan Hotel', 'Budapest', '15 Arena ut', '4 csillag', 26990.00),
(10, 'Felcsut Guest House', 'Felcsut', '3 Stadion koz', '3 csillag', 19990.00),
(11, 'Zala Hotel', 'Zalaegerszeg', '8 Belvaros ter', '3 csillag', 18990.00),
(12, 'Debrecen Sport Hotel', 'Debrecen', '12 Nagyerdei korut', '4 csillag', 23990.00);

--
-- A tábla adatainak kiíratása `termekek`
--

INSERT INTO `termekek` (`termek_id`, `csapatnev`, `kategoria_id`, `leiras`, `alap_ar_ft`, `kep_url`) VALUES
(1, 'Arsenal FC', 1, 'Hazai mez', 22990.00, 'assets/kits/premier-league/arsenal-fc/home.png'),
(2, 'Arsenal FC', 1, 'Vendeg mez', 22990.00, 'assets/kits/premier-league/arsenal-fc/away.png'),
(3, 'Arsenal FC', 1, 'Harmadik mez', 22990.00, 'assets/kits/premier-league/arsenal-fc/third.png'),
(4, 'Aston Villa', 1, 'Hazai mez', 27490.00, 'assets/kits/premier-league/aston-villa/home.png'),
(5, 'Aston Villa', 1, 'Vendeg mez', 27490.00, 'assets/kits/premier-league/aston-villa/away.png'),
(6, 'Chelsea FC', 1, 'Hazai mez', 22990.00, 'assets/kits/premier-league/chelsea-fc/home.png'),
(7, 'Chelsea FC', 1, 'Vendeg mez', 22990.00, 'assets/kits/premier-league/chelsea-fc/away.png'),
(8, 'Chelsea FC', 1, 'Harmadik mez', 22990.00, 'assets/kits/premier-league/chelsea-fc/third.png'),
(9, 'Liverpool FC', 1, 'Hazai mez', 31990.00, 'assets/kits/premier-league/liverpool-fc/home.png'),
(10, 'Liverpool FC', 1, 'Vendeg mez', 31990.00, 'assets/kits/premier-league/liverpool-fc/away.png'),
(11, 'Liverpool FC', 1, 'Harmadik mez', 31990.00, 'assets/kits/premier-league/liverpool-fc/third.png'),
(12, 'Manchester City', 1, 'Hazai mez', 26990.00, 'assets/kits/premier-league/manchester-city/home.png'),
(13, 'Manchester City', 1, 'Vendeg mez', 26990.00, 'assets/kits/premier-league/manchester-city/away.png'),
(14, 'Manchester City', 1, 'Harmadik mez', 26990.00, 'assets/kits/premier-league/manchester-city/third.png'),
(15, 'Manchester United', 1, 'Hazai mez', 31990.00, 'assets/kits/premier-league/manchester-united/home.png'),
(16, 'Manchester United', 1, 'Vendeg mez', 31990.00, 'assets/kits/premier-league/manchester-united/away.png'),
(17, 'Manchester United', 1, 'Harmadik mez', 31990.00, 'assets/kits/premier-league/manchester-united/third.png'),
(18, 'Tottenham Hotspur', 1, 'Hazai mez', 31990.00, 'assets/kits/premier-league/tottenham-hotspur/home.png'),
(19, 'Tottenham Hotspur', 1, 'Vendeg mez', 31990.00, 'assets/kits/premier-league/tottenham-hotspur/away.png'),
(20, 'Tottenham Hotspur', 1, 'Harmadik mez', 31990.00, 'assets/kits/premier-league/tottenham-hotspur/third.png'),
(21, 'Atalanta', 1, 'Hazai mez', 25990.00, 'assets/kits/serie-a/atalanta/home.png'),
(22, 'Atalanta', 1, 'Vendeg mez', 25990.00, 'assets/kits/serie-a/atalanta/away.png'),
(23, 'Como', 1, 'Hazai mez', 30490.00, 'assets/kits/serie-a/como/home.png'),
(24, 'Como', 1, 'Vendeg mez', 30490.00, 'assets/kits/serie-a/como/away.png'),
(25, 'Fiorentina', 1, 'Hazai mez', 31990.00, 'assets/kits/serie-a/fiorentina/home.png'),
(26, 'Fiorentina', 1, 'Vendeg mez', 31990.00, 'assets/kits/serie-a/fiorentina/away.png'),
(27, 'Inter', 1, 'Hazai mez', 32990.00, 'assets/kits/serie-a/inter/home.png'),
(28, 'Inter', 1, 'Vendeg mez', 32990.00, 'assets/kits/serie-a/inter/away.png'),
(29, 'Inter', 1, 'Harmadik mez', 32990.00, 'assets/kits/serie-a/inter/third.png'),
(30, 'Juventus', 1, 'Hazai mez', 28990.00, 'assets/kits/serie-a/juventus/home.png'),
(31, 'Juventus', 1, 'Vendeg mez', 28990.00, 'assets/kits/serie-a/juventus/away.png'),
(32, 'Juventus', 1, 'Harmadik mez', 28990.00, 'assets/kits/serie-a/juventus/third.png'),
(33, 'Lazio', 1, 'Hazai mez', 30490.00, 'assets/kits/serie-a/lazio/home.png'),
(34, 'Lazio', 1, 'Vendeg mez', 30490.00, 'assets/kits/serie-a/lazio/away.png'),
(35, 'Milan', 1, 'Hazai mez', 24490.00, 'assets/kits/serie-a/milan/home.png'),
(36, 'Milan', 1, 'Vendeg mez', 24490.00, 'assets/kits/serie-a/milan/away.png'),
(37, 'Milan', 1, 'Harmadik mez', 24490.00, 'assets/kits/serie-a/milan/third.png'),
(38, 'Napoli', 1, 'Hazai mez', 31990.00, 'assets/kits/serie-a/napoli/home.png'),
(39, 'Napoli', 1, 'Vendeg mez', 31990.00, 'assets/kits/serie-a/napoli/away.png'),
(40, 'Napoli', 1, 'Harmadik mez', 31990.00, 'assets/kits/serie-a/napoli/third.png'),
(41, 'Roma', 1, 'Hazai mez', 31990.00, 'assets/kits/serie-a/roma/home.png'),
(42, 'Roma', 1, 'Vendeg mez', 31990.00, 'assets/kits/serie-a/roma/away.png'),
(43, 'Roma', 1, 'Harmadik mez', 31990.00, 'assets/kits/serie-a/roma/third.png'),
(44, 'Atletico Madrid', 1, 'Hazai mez', 27490.00, 'assets/kits/laliga/atletico-madrid/home.png'),
(45, 'Atletico Madrid', 1, 'Vendeg mez', 27490.00, 'assets/kits/laliga/atletico-madrid/away.png'),
(46, 'FC Barcelona', 1, 'Hazai mez', 22990.00, 'assets/kits/laliga/fc-barcelona/home.png'),
(47, 'FC Barcelona', 1, 'Vendeg mez', 22990.00, 'assets/kits/laliga/fc-barcelona/away.png'),
(48, 'FC Barcelona', 1, 'Harmadik mez', 22990.00, 'assets/kits/laliga/fc-barcelona/third.png'),
(49, 'Real Betis', 1, 'Hazai mez', 31990.00, 'assets/kits/laliga/real-betis/home.png'),
(50, 'Real Betis', 1, 'Vendeg mez', 31990.00, 'assets/kits/laliga/real-betis/away.png'),
(51, 'Athletic Club', 1, 'Hazai mez', 31990.00, 'assets/kits/laliga/athletic-club/home.png'),
(52, 'Athletic Club', 1, 'Vendeg mez', 31990.00, 'assets/kits/laliga/athletic-club/away.png'),
(53, 'Real Madrid', 1, 'Hazai mez', 25990.00, 'assets/kits/laliga/real-madrid/home.png'),
(54, 'Real Madrid', 1, 'Vendeg mez', 25990.00, 'assets/kits/laliga/real-madrid/away.png'),
(55, 'Real Madrid', 1, 'Harmadik mez', 25990.00, 'assets/kits/laliga/real-madrid/third.png'),
(56, 'Real Sociedad', 1, 'Hazai mez', 27490.00, 'assets/kits/laliga/real-sociedad/home.png'),
(57, 'Real Sociedad', 1, 'Vendeg mez', 27490.00, 'assets/kits/laliga/real-sociedad/away.png'),
(58, 'Bayern Munchen', 1, 'Hazai mez', 25990.00, 'assets/kits/bundesliga/bayern-munchen/home.png'),
(59, 'Bayern Munchen', 1, 'Vendeg mez', 25990.00, 'assets/kits/bundesliga/bayern-munchen/away.png'),
(60, 'Bayern Munchen', 1, 'Harmadik mez', 25990.00, 'assets/kits/bundesliga/bayern-munchen/third.png'),
(61, 'Borussia Dortmund', 1, 'Hazai mez', 27490.00, 'assets/kits/bundesliga/borussia-dortmund/home.png'),
(62, 'Borussia Dortmund', 1, 'Vendeg mez', 27490.00, 'assets/kits/bundesliga/borussia-dortmund/away.png'),
(63, 'RB Leipzig', 1, 'Hazai mez', 30490.00, 'assets/kits/bundesliga/rb-leipzig/home.png'),
(64, 'RB Leipzig', 1, 'Vendeg mez', 30490.00, 'assets/kits/bundesliga/rb-leipzig/away.png'),
(65, 'Bayer Leverkusen', 1, 'Hazai mez', 28990.00, 'assets/kits/bundesliga/bayer-leverkusen/home.png'),
(66, 'Bayer Leverkusen', 1, 'Vendeg mez', 28990.00, 'assets/kits/bundesliga/bayer-leverkusen/away.png'),
(67, 'Paris Saint-Germain', 1, 'Hazai mez', 30490.00, 'assets/kits/ligue-1/paris-saint-germain/home.png'),
(68, 'Paris Saint-Germain', 1, 'Vendeg mez', 30490.00, 'assets/kits/ligue-1/paris-saint-germain/away.png'),
(69, 'Paris Saint-Germain', 1, 'Harmadik mez', 30490.00, 'assets/kits/ligue-1/paris-saint-germain/third.png'),
(70, 'AS Monaco', 1, 'Hazai mez', 27490.00, 'assets/kits/ligue-1/as-monaco/home.png'),
(71, 'AS Monaco', 1, 'Vendeg mez', 27490.00, 'assets/kits/ligue-1/as-monaco/away.png'),
(72, 'Olympique de Marseille', 1, 'Hazai mez', 24490.00, 'assets/kits/ligue-1/olympique-de-marseille/home.png'),
(73, 'Olympique de Marseille', 1, 'Vendeg mez', 24490.00, 'assets/kits/ligue-1/olympique-de-marseille/away.png'),
(74, 'Olympique Lyonnais', 1, 'Hazai mez', 25990.00, 'assets/kits/ligue-1/olympique-lyonnais/home.png'),
(75, 'Olympique Lyonnais', 1, 'Vendeg mez', 25990.00, 'assets/kits/ligue-1/olympique-lyonnais/away.png'),
(76, 'Lille OSC', 1, 'Hazai mez', 25990.00, 'assets/kits/ligue-1/lille-osc/home.png'),
(77, 'Lille OSC', 1, 'Vendeg mez', 25990.00, 'assets/kits/ligue-1/lille-osc/away.png'),
(78, 'Ajax', 1, 'Hazai mez', 22990.00, 'assets/kits/eredivisie/ajax/home.png'),
(79, 'Ajax', 1, 'Vendeg mez', 22990.00, 'assets/kits/eredivisie/ajax/away.png'),
(80, 'PSV Eindhoven', 1, 'Hazai mez', 24490.00, 'assets/kits/eredivisie/psv-eindhoven/home.png'),
(81, 'PSV Eindhoven', 1, 'Vendeg mez', 24490.00, 'assets/kits/eredivisie/psv-eindhoven/away.png'),
(82, 'Feyenoord', 1, 'Hazai mez', 31990.00, 'assets/kits/eredivisie/feyenoord/home.png'),
(83, 'Feyenoord', 1, 'Vendeg mez', 31990.00, 'assets/kits/eredivisie/feyenoord/away.png'),
(84, 'RSC Anderlecht', 1, 'Hazai mez', 25990.00, 'assets/kits/belgian-pro-league/rsc-anderlecht/home.png'),
(85, 'RSC Anderlecht', 1, 'Vendeg mez', 25990.00, 'assets/kits/belgian-pro-league/rsc-anderlecht/away.png'),
(86, 'Club Brugge', 1, 'Hazai mez', 24490.00, 'assets/kits/belgian-pro-league/club-brugge/home.png'),
(87, 'Club Brugge', 1, 'Vendeg mez', 24490.00, 'assets/kits/belgian-pro-league/club-brugge/away.png'),
(88, 'Royal Antwerp', 1, 'Hazai mez', 30490.00, 'assets/kits/belgian-pro-league/royal-antwerp/home.png'),
(89, 'Royal Antwerp', 1, 'Vendeg mez', 30490.00, 'assets/kits/belgian-pro-league/royal-antwerp/away.png'),
(90, 'Union Saint-Gilloise', 1, 'Hazai mez', 35990.00, 'assets/kits/belgian-pro-league/union-saint-gilloise/home.png'),
(91, 'Union Saint-Gilloise', 1, 'Vendeg mez', 35990.00, 'assets/kits/belgian-pro-league/union-saint-gilloise/away.png'),
(92, 'Genk', 1, 'Hazai mez', 28990.00, 'assets/kits/belgian-pro-league/genk/home.png'),
(93, 'Genk', 1, 'Vendeg mez', 28990.00, 'assets/kits/belgian-pro-league/genk/away.png'),
(94, 'Flamengo', 1, 'Hazai mez', 31990.00, 'assets/kits/campeonato-brasileiro-serie-a/flamengo/home.png'),
(95, 'Flamengo', 1, 'Vendeg mez', 31990.00, 'assets/kits/campeonato-brasileiro-serie-a/flamengo/away.png'),
(96, 'Palmeiras', 1, 'Hazai mez', 22990.00, 'assets/kits/campeonato-brasileiro-serie-a/palmeiras/home.png'),
(97, 'Palmeiras', 1, 'Vendeg mez', 22990.00, 'assets/kits/campeonato-brasileiro-serie-a/palmeiras/away.png'),
(98, 'Santos', 1, 'Hazai mez', 22990.00, 'assets/kits/campeonato-brasileiro-serie-a/santos/home.png'),
(99, 'Santos', 1, 'Vendeg mez', 22990.00, 'assets/kits/campeonato-brasileiro-serie-a/santos/away.png'),
(100, 'Santos', 1, 'Harmadik mez', 22990.00, 'assets/kits/campeonato-brasileiro-serie-a/santos/third.png'),
(101, 'Fluminense', 1, 'Hazai mez', 28990.00, 'assets/kits/campeonato-brasileiro-serie-a/fluminense/home.png'),
(102, 'Fluminense', 1, 'Vendeg mez', 28990.00, 'assets/kits/campeonato-brasileiro-serie-a/fluminense/away.png'),
(103, 'Fluminense', 1, 'Harmadik mez', 28990.00, 'assets/kits/campeonato-brasileiro-serie-a/fluminense/third.png'),
(104, 'Benfica', 1, 'Hazai mez', 24490.00, 'assets/kits/primeira-liga/benfica/home.png'),
(105, 'Benfica', 1, 'Vendeg mez', 24490.00, 'assets/kits/primeira-liga/benfica/away.png'),
(106, 'FC Porto', 1, 'Hazai mez', 27490.00, 'assets/kits/primeira-liga/fc-porto/home.png'),
(107, 'FC Porto', 1, 'Vendeg mez', 27490.00, 'assets/kits/primeira-liga/fc-porto/away.png'),
(108, 'Sporting CP', 1, 'Hazai mez', 27490.00, 'assets/kits/primeira-liga/sporting-cp/home.png'),
(109, 'Sporting CP', 1, 'Vendeg mez', 27490.00, 'assets/kits/primeira-liga/sporting-cp/away.png'),
(110, 'SC Braga', 1, 'Hazai mez', 27490.00, 'assets/kits/primeira-liga/sc-braga/home.png'),
(111, 'SC Braga', 1, 'Vendeg mez', 27490.00, 'assets/kits/primeira-liga/sc-braga/away.png'),
(112, 'Boca Juniors', 1, 'Hazai mez', 28990.00, 'assets/kits/argentine-primera-division/boca-juniors/home.png'),
(113, 'Boca Juniors', 1, 'Vendeg mez', 28990.00, 'assets/kits/argentine-primera-division/boca-juniors/away.png'),
(114, 'River Plate', 1, 'Hazai mez', 24490.00, 'assets/kits/argentine-primera-division/river-plate/home.png'),
(115, 'River Plate', 1, 'Vendeg mez', 24490.00, 'assets/kits/argentine-primera-division/river-plate/away.png'),
(116, 'Inter Miami', 1, 'Hazai mez', 30490.00, 'assets/kits/major-league-soccer-mls/inter-miami/home.png'),
(117, 'Inter Miami', 1, 'Vendeg mez', 30490.00, 'assets/kits/major-league-soccer-mls/inter-miami/away.png'),
(118, 'Al Nassr', 1, 'Hazai mez', 22990.00, 'assets/kits/saudi-pro-league/al-nassr/home.png'),
(119, 'Al Nassr', 1, 'Vendeg mez', 22990.00, 'assets/kits/saudi-pro-league/al-nassr/away.png'),
(120, 'Celtic', 1, 'Hazai mez', 27490.00, 'assets/kits/scottish-premiership/celtic/home.png'),
(121, 'Celtic', 1, 'Vendeg mez', 27490.00, 'assets/kits/scottish-premiership/celtic/away.png'),
(122, 'Rangers', 1, 'Hazai mez', 31990.00, 'assets/kits/scottish-premiership/rangers/home.png'),
(123, 'Rangers', 1, 'Vendeg mez', 31990.00, 'assets/kits/scottish-premiership/rangers/away.png'),
(124, 'Besiktas', 1, 'Hazai mez', 31990.00, 'assets/kits/superlig/besiktas/home.png'),
(125, 'Besiktas', 1, 'Vendeg mez', 31990.00, 'assets/kits/superlig/besiktas/away.png'),
(126, 'Fenerbahce', 1, 'Hazai mez', 27490.00, 'assets/kits/superlig/fenerbahce/home.png'),
(127, 'Fenerbahce', 1, 'Vendeg mez', 27490.00, 'assets/kits/superlig/fenerbahce/away.png'),
(128, 'Galatasaray', 1, 'Hazai mez', 31990.00, 'assets/kits/superlig/galatasaray/home.png'),
(129, 'Galatasaray', 1, 'Vendeg mez', 31990.00, 'assets/kits/superlig/galatasaray/away.png'),
(130, 'Trabzonspor', 1, 'Hazai mez', 24490.00, 'assets/kits/superlig/trabzonspor/home.png'),
(131, 'Trabzonspor', 1, 'Vendeg mez', 24490.00, 'assets/kits/superlig/trabzonspor/away.png'),
(132, 'Ferencvarosi TC', 1, 'Hazai mez', 31490.00, 'assets/kits/fizz-liga-nb-i/ferencvarosi-tc/home.png'),
(133, 'Ferencvarosi TC', 1, 'Vendeg mez', 31490.00, 'assets/kits/fizz-liga-nb-i/ferencvarosi-tc/away.png'),
(134, 'Paksi FC', 1, 'Hazai mez', 27490.00, 'assets/kits/fizz-liga-nb-i/paksi-fc/home.png'),
(135, 'ETO FC Gyor', 1, 'Hazai mez', 22990.00, 'assets/kits/fizz-liga-nb-i/eto-fc-gyor/home.png'),
(136, 'Debreceni VSC', 1, 'Hazai mez', 28990.00, 'assets/kits/fizz-liga-nb-i/debreceni-vsc/home.png'),
(137, 'Puskas Akademia FC', 1, 'Hazai mez', 28990.00, 'assets/kits/fizz-liga-nb-i/puskas-akademia-fc/home.png'),
(138, 'MTK Budapest', 1, 'Hazai mez', 22990.00, 'assets/kits/fizz-liga-nb-i/mtk-budapest/home.png'),
(139, 'Diosgyori VTK', 1, 'Hazai mez', 30490.00, 'assets/kits/fizz-liga-nb-i/diosgyori-vtk/home.png'),
(140, 'Ujpest FC', 1, 'Hazai mez', 25990.00, 'assets/kits/fizz-liga-nb-i/ujpest-fc/home.png'),
(141, 'Nyiregyhaza Spartacus FC', 1, 'Hazai mez', 34490.00, 'assets/kits/fizz-liga-nb-i/nyiregyhaza-spartacus-fc/home.png'),
(142, 'Zalaegerszegi TE FC', 1, 'Hazai mez', 28990.00, 'assets/kits/fizz-liga-nb-i/zalaegerszegi-te-fc/home.png'),
(143, 'Kisvarda FC', 1, 'Hazai mez', 22990.00, 'assets/kits/fizz-liga-nb-i/kisvarda-fc/home.png'),
(144, 'Kazincbarcika SC', 1, 'Hazai mez', 31990.00, 'assets/kits/fizz-liga-nb-i/kazincbarcika-sc/home.png');

--
-- A tábla adatainak kiíratása `utazasok`
--

INSERT INTO `utazasok` (`utazas_id`, `meccs_id`, `indulas_varos`, `indulas_idopont`, `erkezes_varos`, `erkezes_idopont`, `ar`) VALUES
(1, 1, 'Budapest', '2025-09-13 08:00:00', 'London', '2025-09-13 11:30:00', 89990.00),
(2, 2, 'Budapest', '2025-09-20 09:00:00', 'Liverpool', '2025-09-20 13:00:00', 94990.00),
(3, 3, 'Budapest', '2025-10-04 07:00:00', 'Madrid', '2025-10-04 11:00:00', 129990.00),
(4, 4, 'Budapest', '2025-10-11 08:30:00', 'Madrid', '2025-10-11 12:00:00', 99990.00),
(5, 5, 'Budapest', '2025-10-18 07:30:00', 'Munich', '2025-10-18 11:00:00', 104990.00),
(6, 6, 'Budapest', '2025-10-25 09:00:00', 'Milan', '2025-10-25 12:00:00', 97990.00),
(7, 7, 'Budapest', '2025-11-01 08:00:00', 'Paris', '2025-11-01 11:00:00', 93990.00),
(8, 8, 'Budapest', '2025-11-08 06:00:00', 'Amsterdam', '2025-11-08 09:00:00', 79990.00),
(9, 9, 'Debrecen', '2025-11-15 10:00:00', 'Budapest', '2025-11-15 13:30:00', 14990.00),
(10, 10, 'Budapest', '2025-11-22 09:00:00', 'Felcsut', '2025-11-22 11:00:00', 9990.00),
(11, 11, 'Miskolc', '2025-11-29 09:30:00', 'Budapest', '2025-11-29 12:30:00', 12990.00),
(12, 12, 'Budapest', '2025-12-06 08:00:00', 'Zalaegerszeg', '2025-12-06 12:00:00', 15990.00);

-- --------------------------------------------------------

--
-- Nézet szerkezete `raktar_attekinto`
--
DROP TABLE IF EXISTS `raktar_attekinto`;

CREATE ALGORITHM=UNDEFINED DEFINER=`root`@`localhost` SQL SECURITY DEFINER VIEW `raktar_attekinto`  AS SELECT `r`.`raktar_id` AS `raktar_id`, `r`.`termek_id` AS `termek_id`, `t`.`csapatnev` AS `csapatnev`, `t`.`leiras` AS `leiras`, `m`.`meret_nev` AS `meret_nev`, `r`.`mennyiseg` AS `mennyiseg`, `t`.`alap_ar_ft` AS `alap_ar_ft`, `t`.`kep_url` AS `kep_url` FROM ((`raktar` `r` join `termekek` `t` on(`r`.`termek_id` = `t`.`termek_id`)) join `meretek` `m` on(`r`.`meret_id` = `m`.`meret_id`)) ;
COMMIT;

/*!40101 SET CHARACTER_SET_CLIENT=@OLD_CHARACTER_SET_CLIENT */;
/*!40101 SET CHARACTER_SET_RESULTS=@OLD_CHARACTER_SET_RESULTS */;
/*!40101 SET COLLATION_CONNECTION=@OLD_COLLATION_CONNECTION */;
